{"cameraMode":{"drawMode":0,"name":"Shaded","section":"Shading Mode"},"sceneLighting":true,"audioPlay":false,"sceneViewState":{"m_AlwaysRefresh":false,"showFog":true,"showSkybox":true,"showFlares":true,"showImageEffects":true,"showParticleSystems":true,"showVisualEffectGraphs":true,"m_FxEnabled":true},"in2DMode":false,"pivot":{"x":235.36900329589845,"y":127.43541717529297,"z":372.70745849609377},"rotation":{"x":-0.06225649267435074,"y":-0.8940246105194092,"z":0.1312754899263382,"w":-0.4239242672920227},"size":1.5265754461288453,"orthographic":false}